Station_Name,Longitude,Latitude,LGA
ACT WATER POLICE,149.0997818596104,-35.29884836495773,
AFP NATIONAL HEADQUARTERS,149.13567118744984,-35.304997628141365,
AFP SERVICES CENTRE,149.05548534994384,-35.32948126885923,
BELCONNEN POLICE STATION,149.06646728303832,-35.24468345490422,
BELCONNEN WATER POLICE,149.06680724147446,-35.234644227720935,
CANBERRA CITY POLICE STATION,149.12650470283222,-35.28106970936468,
COCKBURN POLICE STATION,140.99968568710366,-32.07793491086375,
GUNGAHLIN POLICE STATION,149.13231414999544,-35.182436342133194,
JERVIS BAY POLICE STATION,150.7068242295061,-35.13256644191891,
TUGGERANONG POLICE STATION,149.0701186166647,-35.41817437214552,
WINCHESTER POLICE CENTRE REGIONAL HQ,149.06654428303125,-35.243817803068126,
WODEN POLICE STATION,149.08880200611583,-35.34537725602636,
ALBURY POLICE STATION,146.91808599602604,-36.07962899581157,Albury
ARMIDALE POLICE STATION,151.66725899738103,-30.512579000828907,Armidale
GUYRA POLICE STATION,151.67101070965555,-30.222737597553337,Armidale
ALSTONVILLE POLICE STATION,153.4363639995385,-28.83807699937668,Ballina
BALLINA POLICE STATION,153.56410999800352,-28.872324001340605,Ballina
WARDELL POLICE STATION,153.46323694405777,-28.95257432628718,Ballina
BALRANALD POLICE STATION,143.5651479998117,-34.6414470024173,Balranald
EUSTON POLICE STATION,142.74535991284077,-34.5758007394428,Balranald
BATHURST POLICE STATION,149.57726622484802,-33.41460374149504,Bathurst
HILL END POLICE STATION,149.4146220008134,-33.03568999556853,Bathurst
ROCKLEY POLICE STATION,149.5629630027559,-33.68978000189282,Bathurst
TRUNKEY CREEK POLICE STATION,149.32277675047007,-33.819176591791745,Bathurst
MASCOT POLICE STATION,151.19608445798795,-33.92454889151166,Bayside
BEGA POLICE STATION,149.8398754695695,-36.67685448959142,Bega Valley
BEMBOKA POLICE STATION,149.57288600269175,-36.630152997251066,Bega Valley
BERMAGUI POLICE STATION,150.07784399791277,-36.42776299827482,Bega Valley
CANDELO POLICE STATION,149.6957180018552,-36.76927599845159,Bega Valley
COBARGO POLICE STATION,149.88972099761185,-36.38908999595738,Bega Valley
EDEN POLICE STATION,149.90774799976305,-37.06835499828816,Bega Valley
EDEN WATER POLICE,149.91014809608131,-37.07235287014121,Bega Valley
MERIMBULA POLICE STATION,149.90620599845874,-36.8873999986907,Bega Valley
TATHRA POLICE STATION,149.98657299830975,-36.72897000165226,Bega Valley
BELLINGEN POLICE STATION,152.89771983423816,-30.452066310110457,Bellingen
DORRIGO POLICE STATION,152.70988899661037,-30.341448997705523,Bellingen
URUNGA POLICE STATION,153.0219199963255,-30.4945929987961,Bellingen
BAROOGA POLICE STATION,145.68878399576695,-35.91412100423613,Berrigan
BERRIGAN POLICE STATION,145.81286688189556,-35.658391291174205,Berrigan
FINLEY POLICE STATION,145.57615499602346,-35.64370199909288,Berrigan
TOCUMWAL POLICE STATION,145.56764000468416,-35.811901004285325,Berrigan
BLACKTOWN POLICE STATION,150.90520600292808,-33.76857699672078,Blacktown
MOUNT DRUITT POLICE STATION,150.82271435178444,-33.76532579662457,Blacktown
RIVERSTONE POLICE STATION,150.8622604723122,-33.68128264194918,Blacktown
BARMEDMAN POLICE STATION,147.38684099596497,-34.143468003705586,Bland
TALLIMBA POLICE STATION,146.88075699936618,-33.994553001753054,Bland
UNGARIE POLICE STATION,146.9720359957719,-33.63822400387116,Bland
WEST WYALONG POLICE STATION,147.20482300292883,-33.92426199927164,Bland
BLAYNEY POLICE STATION,149.25408700130296,-33.53600400403086,Blayney
CARCOAR POLICE STATION,149.14122399671618,-33.6112159982899,Blayney
MANDURAMA POLICE STATION,149.0719419972654,-33.65117699898519,Blayney
MILLTHORPE POLICE STATION,149.18518099620593,-33.444583000662,Blayney
BLACKHEATH POLICE STATION,150.28649428938,-33.63553028289337,Blue Mountains
KATOOMBA POLICE STATION,150.31037500318007,-33.71872000398884,Blue Mountains
LAWSON POLICE STATION,150.42708275765702,-33.72134472937244,Blue Mountains
MOUNT VICTORIA POLICE STATION,150.25590799783544,-33.58930100405068,Blue Mountains
SPRINGWOOD POLICE STATION,150.56234509754646,-33.69936375072448,Blue Mountains
NYNGAN POLICE STATION,147.19365999732085,-31.564018996026,Bogan
BOURKE POLICE STATION,145.9371910249668,-30.09025352560579,Bourke
ENNGONIA POLICE STATION,145.84595474255457,-29.31787696739197,Bourke
WANAARING POLICE STATION,144.14934054899228,-29.704625553593736,Bourke
BREWARRINA POLICE STATION,146.85998336140293,-29.96158052624036,Brewarrina
GOODOOGA POLICE STATION,147.45093560284073,-29.11462054472189,Brewarrina
BROKEN HILL POLICE STATION,141.45897182860196,-31.960264345046493,Broken Hill
BURWOOD POLICE STATION,151.10499400179071,-33.87888999989885,Burwood
BANGALOW POLICE STATION,153.52789699908234,-28.685614001274956,Byron
BRUNSWICK HEADS POLICE STATION,153.55144600098055,-28.540913001911058,Byron
BYRON BAY POLICE STATION,153.6102079990223,-28.64204699787348,Byron
MULLUMBIMBY POLICE STATION,153.49944860808245,-28.55266140044625,Byron
CANOWINDRA POLICE STATION,148.66504500216405,-33.56835499817951,Cabonne
CUDAL POLICE STATION,148.74016396866676,-33.28791489188963,Cabonne
CUMNOCK POLICE STATION,148.7512699986278,-32.929778001673505,Cabonne
EUGOWRA POLICE STATION,148.37126099841996,-33.428603998782314,Cabonne
MANILDRA POLICE STATION,148.69409616721123,-33.1837607523306,Cabonne
MOLONG POLICE STATION,148.8668509980405,-33.0875280010678,Cabonne
YEOVAL POLICE STATION,148.65014999601385,-32.75219700009308,Cabonne
NARELLAN POLICE STATION,150.7313818948396,-34.04225547465733,Camden
CAMPBELLTOWN POLICE STATION,150.81720335100977,-34.06256779931361,Campbelltown
MACQUARIE FIELDS POLICE STATION,150.89054605085346,-33.98572373280568,Campbelltown
FIVE DOCK POLICE STATION,151.12824600089309,-33.868109003650474,Canada Bay
BANKSTOWN POLICE STATION,151.03091851383047,-33.9168998465171,Canterbury-Bankstown
BASS HILL POLICE STATION,150.99836600057174,-33.89201099856113,Canterbury-Bankstown
CAMPSIE POLICE STATION,151.0983897360439,-33.91109079364749,Canterbury-Bankstown
REVESBY POLICE STATION,151.0174424344008,-33.952000478700825,Canterbury-Bankstown
GOOLGOWI POLICE STATION,145.70934400447422,-33.9802819963878,Carrathool
HILLSTON POLICE STATION,145.53270762606576,-33.48647079047879,Carrathool
RANKINS SPRINGS POLICE STATION,146.26127899952468,-33.840740995950505,Carrathool
GOSFORD POLICE STATION,151.34142800460947,-33.43043899716013,Central Coast
TERRIGAL POLICE STATION,151.443910872782,-33.44727101116317,Central Coast
THE ENTRANCE POLICE STATION,151.49767557703416,-33.34517324493366,Central Coast
TOUKLEY POLICE STATION,151.54450599786026,-33.26447299958988,Central Coast
WOY WOY POLICE STATION,151.324923838206,-33.4865756692472,Central Coast
WYONG POLICE STATION,151.42454095845133,-33.28116808921467,Central Coast
IVANHOE POLICE STATION,144.29991699684115,-32.89826299732369,Central Darling
MENINDEE POLICE STATION,142.41749233870877,-32.39357207562132,Central Darling
WILCANNIA POLICE STATION,143.37593632313315,-31.560869608580635,Central Darling
BRANXTON POLICE STATION,151.35276399699504,-32.657563001133354,Cessnock
CESSNOCK POLICE STATION,151.35799233657744,-32.83220376460611,Cessnock
KURRI KURRI POLICE STATION,151.48305799759316,-32.81694899826987,Cessnock
WOLLOMBI POLICE STATION,151.1407089441756,-32.93781920280159,Cessnock
ERMINGTON POLICE STATION,151.05299999643952,-33.815200000349364,Parramatta
PARRAMATTA POLICE STATION,151.00264899986146,-33.81239699941371,Parramatta
WENTWORTHVILLE POLICE STATION,150.97230110502358,-33.80642123396876,Parramatta
COPMANHURST POLICE STATION,152.77672999585477,-29.58473900213922,Clarence Valley
GLENREAGH POLICE STATION,152.97855000275476,-30.05078200347752,Clarence Valley
GRAFTON POLICE STATION,152.93341599734208,-29.693347997302016,Clarence Valley
ILUKA POLICE STATION,153.35085899828334,-29.406092003038008,Clarence Valley
LAWRENCE POLICE STATION,153.10458700130744,-29.496232000164813,Clarence Valley
MACLEAN POLICE STATION,153.19641499591248,-29.458076999444604,Clarence Valley
NYMBOIDA POLICE STATION,152.72575800110735,-29.976301002978904,Clarence Valley
ULMARRA POLICE STATION,153.0284990014465,-29.630353001798195,Clarence Valley
WOOLI POLICE STATION,153.26290000089466,-29.85321599662838,Clarence Valley
YAMBA POLICE STATION,153.35700111764743,-29.437160090438404,Clarence Valley
COBAR POLICE STATION,145.83582699590428,-31.498848998201616,Cobar
NYMAGEE POLICE STATION,146.31880939114217,-32.064476651586425,Cobar
COFFS HARBOUR POLICE STATION,153.11693513450686,-30.29167521865978,Coffs Harbour
COFFS HARBOUR WATER POLICE,153.14323579200297,-30.30313503906523,Coffs Harbour
CORAMBA POLICE STATION,153.0119209998149,-30.219956997304426,Coffs Harbour
WOOLGOOLGA POLICE STATION,153.19680300163992,-30.11168999578882,Coffs Harbour
ARDLETHAN POLICE STATION,146.9040919956143,-34.3565189988479,Coolamon
COOLAMON POLICE STATION,147.20142621951464,-34.81274999171914,Coolamon
GANMAIN POLICE STATION,147.04224200142556,-34.79630299825345,Coolamon
COONAMBLE POLICE STATION,148.3892750037456,-30.95468900048072,Coonamble
GULARGAMBONE POLICE STATION,148.46995827974698,-31.329832549440827,Coonamble
COOTAMUNDRA POLICE STATION,148.02409899628893,-34.64022299827387,Cootamundra-Gundagai
GUNDAGAI POLICE STATION,148.10549100082858,-35.0637369979075,Cootamundra-Gundagai
STOCKINBINGAL POLICE STATION,147.88611599806876,-34.49729399845659,Cootamundra-Gundagai
WALLENDBEEN POLICE STATION,148.15789399655222,-34.526955359815574,Cootamundra-Gundagai
COWRA POLICE STATION,148.69103470782457,-33.83395217939062,Cowra
GOOLOOGONG POLICE STATION,148.43559499733573,-33.61527499612457,Cowra
WOODSTOCK POLICE STATION,148.8474420007068,-33.74681600328034,Cowra
AUBURN POLICE STATION,151.0335330020744,-33.85285499874126,Cumberland
GRANVILLE POLICE STATION,151.00936281425885,-33.83223845527714,Cumberland
MERRYLANDS POLICE STATION,150.988604352434,-33.837403006938715,Cumberland
DUBBO POLICE STATION,148.60349505389192,-32.24658455319541,Dubbo
GEURIE POLICE STATION,148.82743899688296,-32.39935100077056,Dubbo
STUART TOWN POLICE STATION,149.08278099941504,-32.80565700109495,Dubbo
WELLINGTON POLICE STATION,148.94408621658786,-32.55602811854973,Dubbo
CLARENCE TOWN POLICE STATION,151.7791561872733,-32.5856176063122,Dungog
DUNGOG POLICE STATION,151.75425900188154,-32.40163200164626,Dungog
EAST GRESFORD POLICE STATION,151.55162931466984,-32.428690778589306,Dungog
PATERSON POLICE STATION,151.61684100355086,-32.5997239970268,Dungog
DENILIQUIN POLICE STATION,144.96390900015766,-35.525136003373504,Edward River
BATEMANS BAY POLICE STATION,150.17712900291272,-35.70813700422864,Eurobodalla
BODALLA POLICE STATION,150.0518269969423,-36.09128100402897,Eurobodalla
MORUYA POLICE STATION,150.08037582947247,-35.90998417202899,Eurobodalla
NAROOMA POLICE STATION,150.13121900311322,-36.21697999708427,Eurobodalla
CABRAMATTA POLICE STATION,150.9350382270636,-33.895724999296405,Fairfield
FAIRFIELD POLICE STATION,150.95656779644025,-33.87004127855681,Fairfield
WETHERILL PARK POLICE STATION,150.90107616369934,-33.86194658982599,Fairfield
COROWA POLICE STATION,146.3897406552338,-35.9986356375561,Federation
HOWLONG POLICE STATION,146.62420900048042,-35.97911799680601,Federation
MULWALA POLICE STATION,146.00523699918048,-35.98892000134594,Federation
OAKLANDS POLICE STATION,146.16605599567814,-35.55639299718606,Federation
RAND POLICE STATION,146.58049799924137,-35.59285699708491,Federation
URANA POLICE STATION,146.26810222872368,-35.332496393367634,Federation
FORBES POLICE STATION,148.00847000187292,-33.3868470016783,Forbes
BOTANY BAY WATER POLICE,151.12484070145004,-34.00205067195952,Georges River
HURSTVILLE POLICE STATION,151.1016503923532,-33.96747049738959,Georges River
RIVERWOOD POLICE STATION,151.0510791234776,-33.95523420788699,Georges River
ST GEORGE POLICE STATION,151.13366435841252,-33.963810047073025,Georges River
GILGANDRA POLICE STATION,148.66702938511824,-31.71018210011602,Gilgandra
TOORAWEENAH POLICE STATION,148.91037199841048,-31.439073998423773,Gilgandra
DEEPWATER POLICE STATION,151.84965538686606,-29.44515111970293,Glen Innes Severn
EMMAVILLE POLICE STATION,151.59822190293124,-29.44499094211766,Glen Innes Severn
GLEN INNES POLICE STATION,151.73684630994242,-29.736912607797397,Glen Innes Severn
GOULBURN POLICE STATION,149.72188900460813,-34.753543003821925,Goulburn Mulwaree
MARULAN POLICE STATION,150.00733899879657,-34.709821999252604,Goulburn Mulwaree
TARAGO POLICE STATION,149.6490673536804,-35.07397873884785,Goulburn Mulwaree
CULCAIRN POLICE STATION,147.03653399921075,-35.66819299956505,Greater Hume Shire
HENTY POLICE STATION,147.03228285867263,-35.5171175170183,Greater Hume Shire
HOLBROOK POLICE STATION,147.31190799599744,-35.72702600098156,Greater Hume Shire
WALLA WALLA POLICE STATION,146.89973199633167,-35.76659800066511,Greater Hume Shire
GRIFFITH POLICE STATION,146.04860500208457,-34.287434000861104,Griffith
CURLEWIS POLICE STATION,150.26493100533253,-31.11690781238565,Gunnedah
GUNNEDAH POLICE STATION,150.25679800460148,-30.978722004285853,Gunnedah
TAMBAR SPRINGS POLICE STATION,149.82897413242404,-31.34855403654116,Gunnedah
BINGARA POLICE STATION,150.57091300414754,-29.867211995793163,Gwydir
GRAVESEND POLICE STATION,150.33309899681296,-29.5826759961019,Gwydir
WARIALDA POLICE STATION,150.57507600199008,-29.54126399605892,Gwydir
WINDSOR POLICE STATION,150.81650910870366,-33.61217674934843,Hawkesbury
HAY POLICE STATION,144.8423079983606,-34.50884899848892,Hay
BOOROWA POLICE STATION,148.71579099695563,-34.43928300278335,Hilltops
HARDEN POLICE STATION,148.3695620012484,-34.55458499855066,Hilltops
JUGIONG POLICE STATION,148.32407500374313,-34.822111999491064,Hilltops
KOORAWATHA POLICE STATION,148.55644600109196,-34.03814799982306,Hilltops
YOUNG POLICE STATION,148.29819299979695,-34.31501800453598,Hilltops
HORNSBY POLICE STATION,151.09733226444425,-33.701316868105586,Hornsby
GLADESVILLE POLICE STATION,151.12899287010177,-33.83685180283986,Hunters Hill
ASHFIELD POLICE STATION,151.1303014325014,-33.890766251382495,Inner West
BALMAIN POLICE STATION,151.17723700023325,-33.85653600316132,Inner West
MARRICKVILLE POLICE STATION,151.15569974846437,-33.90926345016239,Inner West
NEWTOWN POLICE STATION,151.1785532351437,-33.89662572644222,Inner West
SYDNEY WATER POLICE,151.19137402142138,-33.85885345213839,Inner West
ASHFORD POLICE STATION,151.09509164514012,-29.3204842928803,Inverell
DELUNGRA POLICE STATION,150.8291459981646,-29.654548997701845,Inverell
INVERELL POLICE STATION,151.1132767992903,-29.776538480330096,Inverell
TINGHA POLICE STATION,151.21188166194088,-29.95562321739655,Inverell
YETMAN POLICE STATION,150.77539617360682,-28.90117901646414,Inverell
JUNEE POLICE STATION,147.58550899868757,-34.87196000041623,Junee
BELLBROOK POLICE STATION,152.50955900011937,-30.819321996149068,Kempsey
GLADSTONE POLICE STATION,152.94521600101294,-31.027188001394844,Kempsey
KEMPSEY POLICE STATION,152.83116784188528,-31.079043163596392,Kempsey
SOUTH WEST ROCKS POLICE STATION,153.04126053574635,-30.88604980815909,Kempsey
KIAMA POLICE STATION,150.85585699979433,-34.67154199587841,Kiama
GORDON POLICE STATION,151.15246323168338,-33.75398815535295,Ku-ring-gai
BONALBO POLICE STATION,152.62268992903628,-28.736715068536963,Kyogle
KYOGLE POLICE STATION,153.00498099681548,-28.62070100054975,Kyogle
TABULAM POLICE STATION,152.5659985917419,-28.890379186191865,Kyogle
WOODENBONG POLICE STATION,152.60901068931688,-28.388748172725315,Kyogle
CONDOBOLIN POLICE STATION,147.15192539301307,-33.088574689210105,Lachlan
LAKE CARGELLIGO POLICE STATION,146.37451599881533,-33.29969799845093,Lachlan
TOTTENHAM POLICE STATION,147.3554910007833,-32.24424400475416,Lachlan
BELMONT POLICE STATION,151.6602558616818,-33.034554259733206,Lake Macquarie
CHARLESTOWN POLICE STATION,151.6968731186505,-32.964203404686614,Lake Macquarie
MORISSET POLICE STATION,151.4885040007655,-33.1078870003999,Lake Macquarie
SWANSEA POLICE STATION,151.63726318194747,-33.08701764564111,Lake Macquarie
TORONTO POLICE STATION,151.5930048937996,-33.01243589940248,Lake Macquarie
LEETON POLICE STATION,146.40288299706063,-34.55441699549638,Leeton
LISMORE POLICE STATION,153.27889304925768,-28.805519762640174,Lismore
NIMBIN POLICE STATION,153.22234399791773,-28.597551003399644,Lismore
CAPERTEE POLICE STATION,149.98753900165056,-33.14685200421362,Lithgow
LITHGOW POLICE STATION,150.1543734200229,-33.48308693345351,Lithgow
PORTLAND POLICE STATION,149.9784574680144,-33.353615547372065,Lithgow
WALLERAWANG POLICE STATION,150.06419700232223,-33.41184599948203,Lithgow
GREEN VALLEY POLICE STATION,150.86613013338356,-33.9065409194756,Liverpool
LIVERPOOL POLICE STATION,150.9257272780769,-33.92133335015521,Liverpool
QUIRINDI POLICE STATION,150.67931904619832,-31.50825478542985,Liverpool Plains
WERRIS CREEK POLICE STATION,150.64890800069426,-31.34996300377055,Liverpool Plains
WILLOW TREE POLICE STATION,150.72460269656426,-31.646401860274505,Liverpool Plains
LOCKHART POLICE STATION,146.71821255300682,-35.2211570059446,Lockhart
THE ROCK POLICE STATION,147.1168639965569,-35.27123000306272,Lockhart
LOCHINVAR POLICE STATION,151.45463899946932,-32.7014410012266,Maitland
MAITLAND POLICE STATION,151.55294844485047,-32.73201597998165,Maitland
MORPETH POLICE STATION,151.63290700140314,-32.72548700224083,Maitland
BULAHDELAH POLICE STATION,152.211378998006,-32.41253899594297,Mid-Coast
COOPERNOOK POLICE STATION,152.6130226435292,-31.82505689972495,Mid-Coast
FORSTER POLICE STATION,152.51338052406783,-32.18266529962442,Mid-Coast
GLOUCESTER POLICE STATION,151.95918500124998,-32.004230003162185,Mid-Coast
NABIAC POLICE STATION,152.3793310005418,-32.09826700102679,Mid-Coast
STROUD POLICE STATION,151.96854382594967,-32.4023026422284,Mid-Coast
TAREE POLICE STATION,152.45657594514876,-31.913175456867982,Mid-Coast
TEA GARDENS POLICE STATION,152.15825215150443,-32.664853002332144,Mid-Coast
WINGHAM POLICE STATION,152.37512948473653,-31.8710404219824,Mid-Coast
GULGONG POLICE STATION,149.53229799902948,-32.3636529998949,Mid-Western
KANDOS POLICE STATION,149.9691429967335,-32.85783800333909,Mid-Western
MUDGEE POLICE STATION,149.5827309983182,-32.58988600250914,Mid-Western
RYLSTONE POLICE STATION,149.97016699710565,-32.7989760030691,Mid-Western
BOGGABILLA POLICE STATION,150.35994799853492,-28.60484199976997,Moree Plains
BOOMI POLICE STATION,149.5796519076975,-28.725037960960567,Moree Plains
GARAH POLICE STATION,149.63616400054997,-29.076159998332376,Moree Plains
MOREE POLICE STATION,149.84355313102023,-29.464331123552284,Moree Plains
MUNGINDI POLICE STATION,148.98595399972976,-28.976631003534987,Moree Plains
PALLAMALLAWA POLICE STATION,150.1365659993648,-29.47577900396946,Moree Plains
MOSMAN POLICE STATION,151.244269713434,-33.832736825322044,Mosman
BARHAM POLICE STATION,144.12905800292674,-35.6276220002787,Murray River
MATHOURA POLICE STATION,144.9016886454773,-35.81329232178936,Murray River
MOAMA POLICE STATION,144.759232244653,-36.10978911250227,Murray River
MOULAMEIN POLICE STATION,144.03459550291834,-35.08841049577029,Murray River
COLEAMBALLY POLICE STATION,145.87929699981385,-34.80725899864302,Murrumbidgee
DARLINGTON POINT POLICE STATION,146.0001549960563,-34.567481996237305,Murrumbidgee
JERILDERIE POLICE STATION,145.73242900407033,-35.35687000092028,Murrumbidgee
DENMAN POLICE STATION,150.68756000017197,-32.39380400016452,Muswellbrook
MUSWELLBROOK POLICE STATION,150.889503002604,-32.26527800069271,Muswellbrook
BOWRAVILLE POLICE STATION,152.85336200197705,-30.645360998511222,Nambucca Valley
MACKSVILLE POLICE STATION,152.92852899690646,-30.7086279976032,Nambucca Valley
NAMBUCCA HEADS POLICE STATION,153.00217700087754,-30.64211100018272,Nambucca Valley
BELLATA POLICE STATION,149.79149400230244,-29.91852800120561,Narrabri
BOGGABRI POLICE STATION,150.04474499634765,-30.70527599795846,Narrabri
GWABEGAR POLICE STATION,148.9718449996903,-30.606604004014915,Narrabri
NARRABRI POLICE STATION,149.78583990080134,-30.329341959709232,Narrabri
PILLIGA POLICE STATION,148.88364799905696,-30.352018999867777,Narrabri
WEE WAA POLICE STATION,149.44648072900853,-30.22459541830292,Narrabri
BARELLAN POLICE STATION,146.57025399981347,-34.285925999352266,Narrandera
NARRANDERA POLICE STATION,146.54960687069328,-34.74873853490655,Narrandera
NARROMINE POLICE STATION,148.24135462715512,-32.23347520831687,Narromine
TRANGIE POLICE STATION,147.9822524223709,-32.030992565702995,Narromine
BERESFIELD POLICE STATION,151.65829843267773,-32.801085452088046,Newcastle
NEWCASTLE POLICE STATION,151.7830629936816,-32.93035812393978,Newcastle
NEWCASTLE WATER POLICE,151.76235598555957,-32.91743564131684,Newcastle
STOCKTON POLICE STATION,151.78345600212683,-32.911300003727774,Newcastle
WARATAH POLICE STATION,151.7241614899712,-32.905979944626715,Newcastle
NORTH SYDNEY POLICE STATION,151.20488179790587,-33.83323445148874,North Sydney
BROKEN BAY WATER POLICE,151.28052759488168,-33.64586340287574,Northern Beaches
DEE WHY POLICE STATION,151.28537968049716,-33.752400096553764,Northern Beaches
FRENCHS FOREST POLICE STATION,151.22842300152914,-33.749223997525576,Northern Beaches
MANLY POLICE STATION,151.28502373025233,-33.7981206249172,Northern Beaches
MONA VALE POLICE STATION,151.30262575920554,-33.68143979814443,Northern Beaches
OBERON POLICE STATION,149.86184199836492,-33.70574899997883,Oberon
ORANGE POLICE STATION,149.10016845857606,-33.28124708858205,Orange
PARKES POLICE STATION,148.17686878690523,-33.136829208499336,Parkes
PEAK HILL POLICE STATION,148.1896756789404,-32.72592986793784,Parkes
TRUNDLE POLICE STATION,147.7091095964082,-32.924851748477856,Parkes
TULLAMORE POLICE STATION,147.56675711539094,-32.63173301531209,Parkes
PENRITH POLICE STATION,150.70113790184243,-33.75421183356279,Penrith
ST MARYS POLICE STATION,150.77561399889353,-33.76993999688652,Penrith
COMBOYNE POLICE STATION,152.46649599591555,-31.60583199963172,Port Macquarie-Hastings
LAURIETON POLICE STATION,152.79702500245156,-31.64675099839681,Port Macquarie-Hastings
PORT MACQUARIE POLICE STATION,152.90972276463685,-31.42817289418417,Port Macquarie-Hastings
WAUCHOPE POLICE STATION,152.73196500129285,-31.455695001150904,Port Macquarie-Hastings
KARUAH POLICE STATION,151.9623619965585,-32.65532600424685,Port Stephens
LEMON TREE PASSAGE POLICE STATION,152.0400335816366,-32.73170792348836,Port Stephens
NELSON BAY POLICE STATION,152.14117499918865,-32.72051400105149,Port Stephens
PORT STEPHENS WATER POLICE,152.1427979548697,-32.71882165601194,Port Stephens
RAYMOND TERRACE POLICE STATION,151.74482556041932,-32.76311777174338,Port Stephens
BRAIDWOOD POLICE STATION,149.79944100056568,-35.44177600237021,Queanbeyan-Palerang
BUNGENDORE POLICE STATION,149.4436950021085,-35.25487999937379,Queanbeyan-Palerang
CAPTAINS FLAT POLICE STATION,149.44840199633083,-35.58811699735905,Queanbeyan-Palerang
QUEANBEYAN POLICE STATION,149.2312319452668,-35.354538963389345,Queanbeyan-Palerang
MAROUBRA POLICE STATION,151.23726274911493,-33.94104827941982,Randwick
RANDWICK POLICE STATION,151.2410183789424,-33.9128325123052,Randwick
CASINO POLICE STATION,153.04725899742854,-28.866423999369964,Richmond Valley
CORAKI POLICE STATION,153.2863900023433,-28.983954996047554,Richmond Valley
EVANS HEAD POLICE STATION,153.42865144449638,-29.119769948221155,Richmond Valley
WOODBURN POLICE STATION,153.344578995608,-29.07146299797366,Richmond Valley
EASTWOOD POLICE STATION,151.08368300060758,-33.79025700043518,Ryde
RYDE POLICE STATION,151.0999778748212,-33.81555913293406,Ryde
LAKE ILLAWARRA POLICE STATION,150.8196312178467,-34.57131489549666,Shellharbour
BAY AND BASIN POLICE STATION,150.62384067977757,-35.10528602100155,Shoalhaven
BERRY POLICE STATION,150.69282399927778,-34.77720800051205,Shoalhaven
CULBURRA POLICE STATION,150.7534390043584,-34.9319980034138,Shoalhaven
KANGAROO VALLEY POLICE STATION,150.53495799688446,-34.736916999682734,Shoalhaven
NOWRA POLICE STATION,150.60162963135843,-34.87910048274802,Shoalhaven
SUSSEX INLET POLICE STATION,150.59930599784053,-35.15560499925023,Shoalhaven
ULLADULLA POLICE STATION,150.47486820081792,-35.35227728834482,Shoalhaven
BULGA POLICE STATION,151.02485824536183,-32.656320396367754,Singleton
JERRYS PLAINS POLICE STATION,150.90678300079924,-32.496454996723,Singleton
SINGLETON POLICE STATION,151.17381962653445,-32.563608373605234,Singleton
ADAMINABY POLICE STATION,148.77409699758277,-35.9948670011317,Snowy Monaro
BERRIDALE POLICE STATION,148.8263670031185,-36.36261499825946,Snowy Monaro
BOMBALA POLICE STATION,149.24095900197793,-36.91191900261442,Snowy Monaro
COOMA POLICE STATION,149.12240997425636,-36.23442558697333,Snowy Monaro
DELEGATE POLICE STATION,148.94336199929742,-37.04323200146605,Snowy Monaro
JINDABYNE POLICE STATION,148.62352200141132,-36.416942999531386,Snowy Monaro
MICHELAGO POLICE STATION,149.16497300312255,-35.71336999630214,Snowy Monaro
NIMMITABEL POLICE STATION,149.28402600368477,-36.512446996791255,Snowy Monaro
PERISHER VALLEY POLICE STATION,148.41194999966964,-36.4051999975427,Snowy Monaro
THREDBO POLICE STATION,148.30384999746653,-36.50391699915348,Snowy Monaro
ADELONG POLICE STATION,148.06215074957862,-35.3078412452054,Snowy Valleys
BATLOW POLICE STATION,148.14372297502888,-35.52149591007892,Snowy Valleys
KHANCOBAN POLICE STATION,148.12600499692874,-36.21621100429947,Snowy Valleys
TALBINGO POLICE STATION,148.29945801456657,-35.58141330263796,Snowy Valleys
TUMBARUMBA POLICE STATION,148.01176538525442,-35.776668960387155,Snowy Valleys
TUMUT POLICE STATION,148.2255379980325,-35.3005940013669,Snowy Valleys
CRONULLA POLICE STATION,151.15201867251727,-34.05132877906425,Sutherland
MIRANDA POLICE STATION,151.1032489030788,-34.03208742614642,Sutherland
SUTHERLAND POLICE STATION,151.0627558270875,-34.03214958221765,Sutherland
DAY STREET POLICE STATION,151.20391099845983,-33.87531300440672,Sydney
GLEBE POLICE STATION,151.18843784288094,-33.88016825403127,Sydney
KINGS CROSS POLICE STATION,151.22560062067052,-33.87308737382527,Sydney
REDFERN POLICE STATION,151.19991145896475,-33.89200260814038,Sydney
SURRY HILLS POLICE STATION,151.21355399980976,-33.87972300439883,Sydney
THE ROCKS POLICE STATION,151.2089386615942,-33.85946642734676,Sydney
WOOLLOOMOOLOO POLICE STATION,151.21901300070593,-33.872550000597144,Sydney
BARRABA POLICE STATION,150.6122245720251,-30.37889072604835,Tamworth
BENDEMEER POLICE STATION,151.15576681668344,-30.877755491308847,Tamworth
KOOTINGAL POLICE STATION,151.0527601920727,-31.061336192728984,Tamworth
MANILLA POLICE STATION,150.72102339794222,-30.75024389228341,Tamworth
NUNDLE POLICE STATION,151.1276590030589,-31.46434300042131,Tamworth
SOMERTON POLICE STATION,150.6399002232345,-30.935274087172488,Tamworth
TAMWORTH POLICE STATION,150.93196589446882,-31.09064841575159,Tamworth
ARIAH PARK POLICE STATION,147.2185799963276,-34.34685299574085,Temora
TEMORA POLICE STATION,147.53514000166797,-34.44708100220245,Temora
TENTERFIELD POLICE STATION,152.0181024347853,-29.05015057137037,Tenterfield
CASTLE HILL POLICE STATION,151.00420206302024,-33.73077934519661,The Hills
WISEMANS FERRY POLICE STATION,150.9848979978948,-33.38640900389306,The Hills
KINGSCLIFF POLICE STATION,153.57224716691744,-28.25160336028937,Tweed
MURWILLUMBAH POLICE STATION,153.39722337314015,-28.3262815230186,Tweed
TWEED HEADS POLICE STATION,153.5418543635019,-28.17377192943889,Tweed
TIBOOBURRA POLICE STATION,142.01113799610758,-29.43247000201433,UNINCORPORATED - FAR WEST AREA
LORD HOWE ISLAND POLICE STATION,159.06629500383906,-31.52682400130572,UNINCORPORATED - LORD HOWE ISLAND
CASSILIS POLICE STATION,149.98140099657047,-32.00723499851333,Upper Hunter
MERRIWA POLICE STATION,150.35570699638302,-32.13811599627185,Upper Hunter
MOONAN FLAT POLICE STATION,151.23684800413483,-31.92285700299781,Upper Hunter
MURRURUNDI POLICE STATION,150.83033088410917,-31.763773629730636,Upper Hunter
SCONE POLICE STATION,150.86945100107135,-32.050827002714364,Upper Hunter
BIGGA POLICE STATION,149.14892999854828,-34.08621899945145,Upper Lachlan
COLLECTOR POLICE STATION,149.43085951490116,-34.91530828274285,Upper Lachlan
CROOKWELL POLICE STATION,149.46790999250047,-34.45648946972623,Upper Lachlan
GUNNING POLICE STATION,149.2661980008269,-34.78172000144897,Upper Lachlan
TARALGA POLICE STATION,149.82080499696065,-34.40523899978159,Upper Lachlan
TUENA POLICE STATION,149.3238719962274,-34.014101003656826,Upper Lachlan
BUNDARRA POLICE STATION,151.07472689064974,-30.171685778278015,Uralla
URALLA POLICE STATION,151.50336499759732,-30.64324600157688,Uralla
TARCUTTA POLICE STATION,147.7373399564072,-35.277537229714824,Wagga Wagga
WAGGA WAGGA POLICE STATION,147.37188899709992,-35.106545003279564,Wagga Wagga
NOWENDOC POLICE STATION,151.71558558746574,-31.512565751495977,Walcha
WALCHA POLICE STATION,151.59329644741496,-30.982861390808186,Walcha
WALCHA ROAD POLICE STATION,151.40435183448048,-30.94497873356585,Walcha
BURREN JUNCTION POLICE STATION,148.9655160002044,-30.103365999470387,Walgett
CARINDA POLICE STATION,147.68851122245178,-30.465579222594336,Walgett
COLLARENEBRI POLICE STATION,148.5781579976415,-29.54513700009196,Walgett
LIGHTNING RIDGE POLICE STATION,147.9782543264685,-29.42714386494432,Walgett
WALGETT POLICE STATION,148.11759399546497,-30.02199999965524,Walgett
WARREN POLICE STATION,147.83807671256815,-31.701884359574485,Warren
BARADINE POLICE STATION,149.0668399958463,-30.9469919987249,Warrumbungle
BINNAWAY POLICE STATION,149.3789185496776,-31.54932737356804,Warrumbungle
COOLAH POLICE STATION,149.7220915091277,-31.82296697465869,Warrumbungle
COONABARABRAN POLICE STATION,149.27786779369737,-31.273588344995023,Warrumbungle
DUNEDOO POLICE STATION,149.39609186754294,-32.0177933833635,Warrumbungle
MENDOORAN POLICE STATION,149.11746495073822,-31.82285554384716,Warrumbungle
BONDI BEACH POLICE STATION,151.27386699937665,-33.89011800268239,Waverley
WAVERLEY POLICE STATION,151.25184799639223,-33.89790300424857,Waverley
CARAGABAL POLICE STATION,147.73822998113957,-33.84406610370888,Weddin
GREENETHORPE POLICE STATION,148.40513600335507,-33.996551996480555,Weddin
GRENFELL POLICE STATION,148.16073345348605,-33.895907218836946,Weddin
BURONGA POLICE STATION,142.18231200224267,-34.17014099742796,Wentworth
DARETON POLICE STATION,142.04411199530435,-34.09536900000005,Wentworth
WENTWORTH POLICE STATION,141.91869899798905,-34.10586599962116,Wentworth
CHATSWOOD POLICE STATION,151.18623235399264,-33.796822936294475,Willoughby
BOWRAL POLICE STATION,150.4209589791961,-34.47938265821202,Wingecarribee
BUNDANOON POLICE STATION,150.2986673193709,-34.65660384640655,Wingecarribee
ROBERTSON POLICE STATION,150.59306699607137,-34.58903699729184,Wingecarribee
SOUTHERN HIGHLANDS POLICE STATION,150.37294100083568,-34.549772999467024,Wingecarribee
PICTON POLICE STATION,150.6122200004986,-34.16809099843381,Wollondilly
THE OAKS POLICE STATION,150.57278299832842,-34.07952500436677,Wollondilly
WARRAGAMBA POLICE STATION,150.60587499932257,-33.889799001694215,Wollondilly
CORRIMAL POLICE STATION,150.89663917250863,-34.38093831406038,Wollongong
DAPTO POLICE STATION,150.7984549989905,-34.495638996587694,Wollongong
HELENSBURGH POLICE STATION,150.97992099884414,-34.190551997777966,Wollongong
PORT KEMBLA POLICE STATION,150.9022323736234,-34.47970877664292,Wollongong
PORT KEMBLA WATER POLICE,150.91279870025335,-34.475342995655595,Wollongong
WOLLONGONG POLICE STATION,150.89554799611952,-34.42433700069412,Wollongong
PADDINGTON POLICE STATION,151.23264600413765,-33.88826200224377,Woollahra
ROSE BAY POLICE STATION,151.2526678779723,-33.86981125425025,Woollahra
BINALONG POLICE STATION,148.62848400308832,-34.670343995947405,Yass Valley
YASS POLICE STATION,148.90876940933356,-34.840463668636936,Yass Valley
